{
  "disponivel": true,
  "limites": {
    "TRABALHO": {
      "sensor/temperatura": {
        "LC": 35.4082,
        "LSC": 45.874,
        "LIC": 24.9423,
        "sigma": 3.48862,
        "n": 9751
      },
      "sensor/vibracao": {
        "LC": 1.9399,
        "LSC": 3.3845,
        "LIC": 0.4952,
        "sigma": 0.48157,
        "n": 9753
      },
      "sensor/corrente": {
        "LC": 35.7253,
        "LSC": 61.6487,
        "LIC": 9.802,
        "sigma": 8.64113,
        "n": 9750
      }
    },
    "VAZIO": {
      "sensor/temperatura": {
        "LC": 35.1933,
        "LSC": 42.6828,
        "LIC": 27.7038,
        "sigma": 2.4965,
        "n": 14807
      },
      "sensor/vibracao": {
        "LC": 1.1673,
        "LSC": 2.4989,
        "LIC": 0.0,
        "sigma": 0.44388,
        "n": 14803
      },
      "sensor/corrente": {
        "LC": 19.6383,
        "LSC": 21.1493,
        "LIC": 18.1273,
        "sigma": 0.50367,
        "n": 14803
      }
    }
  }
}